{"cameraMode":{"drawMode":0,"name":"Shaded","section":"Shading Mode"},"sceneLighting":true,"audioPlay":false,"sceneViewState":{"m_AlwaysRefresh":false,"showFog":true,"showSkybox":true,"showFlares":true,"showImageEffects":true,"showParticleSystems":true,"showVisualEffectGraphs":true,"m_FxEnabled":false},"in2DMode":false,"pivot":{"x":0.000001087784767150879,"y":0.1645205020904541,"z":-0.11803948879241944},"rotation":{"x":-0.05818908289074898,"y":-0.9392293691635132,"z":0.18862077593803407,"w":-0.28250986337661745},"size":1.3645238876342774,"orthographic":true}