{"cameraMode":{"drawMode":0,"name":"Shaded","section":"Shading Mode"},"sceneLighting":true,"audioPlay":false,"sceneViewState":{"m_AlwaysRefresh":false,"showFog":true,"showSkybox":true,"showFlares":true,"showImageEffects":true,"showParticleSystems":true,"showVisualEffectGraphs":true,"m_FxEnabled":false},"in2DMode":false,"pivot":{"x":2.4990720748901369,"y":0.60212242603302,"z":-21.195390701293947},"rotation":{"x":-0.0005189881194382906,"y":-0.7922143936157227,"z":-0.0015379925025627018,"w":-0.6109882593154907},"size":1.829271674156189,"orthographic":true}