{"cameraMode":{"drawMode":0,"name":"Shaded","section":"Shading Mode"},"sceneLighting":true,"audioPlay":false,"sceneViewState":{"m_AlwaysRefresh":false,"showFog":true,"showSkybox":true,"showFlares":true,"showImageEffects":true,"showParticleSystems":true,"showVisualEffectGraphs":true,"m_FxEnabled":false},"in2DMode":false,"pivot":{"x":-0.32546931505203249,"y":-0.08749933540821076,"z":-0.11614972352981568},"rotation":{"x":0.0004720513243228197,"y":-0.9955878257751465,"z":0.09650705009698868,"w":0.0211059357970953},"size":2.3140709400177,"orthographic":true}