{"cameraMode":{"drawMode":0,"name":"Shaded","section":"Shading Mode"},"sceneLighting":false,"audioPlay":false,"sceneViewState":{"m_AlwaysRefresh":false,"showFog":true,"showSkybox":true,"showFlares":true,"showImageEffects":true,"showParticleSystems":true,"showVisualEffectGraphs":true,"m_FxEnabled":false},"in2DMode":false,"pivot":{"x":40.66999816894531,"y":10.920000076293946,"z":36.779998779296878},"rotation":{"x":0.004445199389010668,"y":-0.9952548742294312,"z":0.08049088716506958,"w":0.055001843720674518},"size":0.8660253882408142,"orthographic":false}