{"cameraMode":{"drawMode":0,"name":"Shaded","section":"Shading Mode"},"sceneLighting":false,"audioPlay":false,"sceneViewState":{"m_AlwaysRefresh":false,"showFog":true,"showSkybox":false,"showFlares":true,"showImageEffects":true,"showParticleSystems":true,"showVisualEffectGraphs":true,"m_FxEnabled":true},"in2DMode":false,"pivot":{"x":40.26499938964844,"y":10.135748863220215,"z":57.6898193359375},"rotation":{"x":0.16249054670333863,"y":0.058711983263492587,"z":-0.01048685610294342,"w":0.9852696061134338},"size":15.011966705322266,"orthographic":false}