{"cameraMode":{"drawMode":0,"name":"Shaded","section":"Shading Mode"},"sceneLighting":false,"audioPlay":false,"sceneViewState":{"m_AlwaysRefresh":false,"showFog":true,"showSkybox":false,"showFlares":true,"showImageEffects":true,"showParticleSystems":true,"showVisualEffectGraphs":true,"m_FxEnabled":true},"in2DMode":false,"pivot":{"x":-0.48998308181762698,"y":0.6736493110656738,"z":0.05917072296142578},"rotation":{"x":-0.027558980509638788,"y":0.6966068744659424,"z":-0.026730647310614587,"w":-0.7165294289588928},"size":15.21298599243164,"orthographic":true}