{"cameraMode":{"drawMode":0,"name":"Shaded","section":"Shading Mode"},"sceneLighting":false,"audioPlay":false,"sceneViewState":{"m_AlwaysRefresh":false,"showFog":true,"showSkybox":false,"showFlares":true,"showImageEffects":true,"showParticleSystems":true,"showVisualEffectGraphs":true,"m_FxEnabled":false},"in2DMode":false,"pivot":{"x":4.800000190734863,"y":3.2800002098083498,"z":-21.829999923706056},"rotation":{"x":0.07635216414928436,"y":0.04395896568894386,"z":-0.0033712158910930158,"w":0.9961217045783997},"size":3.833528757095337,"orthographic":true}