{"cameraMode":{"drawMode":0,"name":"Shaded","section":"Shading Mode"},"sceneLighting":false,"audioPlay":false,"sceneViewState":{"m_AlwaysRefresh":false,"showFog":true,"showSkybox":false,"showFlares":true,"showImageEffects":true,"showParticleSystems":true,"showVisualEffectGraphs":true,"m_FxEnabled":true},"in2DMode":false,"pivot":{"x":-7.262077808380127,"y":11.758115768432618,"z":1.6064395904541016},"rotation":{"x":-0.04946541786193848,"y":-0.024569278582930566,"z":-0.0012127235531806946,"w":0.9984853863716126},"size":7.1526665687561039,"orthographic":true}