{"cameraMode":{"drawMode":0,"name":"Shaded","section":"Shading Mode"},"sceneLighting":false,"audioPlay":false,"sceneViewState":{"m_AlwaysRefresh":false,"showFog":true,"showSkybox":false,"showFlares":true,"showImageEffects":true,"showParticleSystems":true,"showVisualEffectGraphs":true,"m_FxEnabled":false},"in2DMode":false,"pivot":{"x":18.059999465942384,"y":1.2200000286102296,"z":2.319999933242798},"rotation":{"x":0.07635216414928436,"y":0.04395896568894386,"z":-0.0033712158910930158,"w":0.9961217045783997},"size":9.160595893859864,"orthographic":true}