{"cameraMode":{"drawMode":0,"name":"Shaded","section":"Shading Mode"},"sceneLighting":true,"audioPlay":false,"sceneViewState":{"m_AlwaysRefresh":false,"showFog":true,"showSkybox":true,"showFlares":true,"showImageEffects":true,"showParticleSystems":true,"showVisualEffectGraphs":true,"m_FxEnabled":false},"in2DMode":false,"pivot":{"x":64.62505340576172,"y":-3.709857940673828,"z":-3.254188060760498},"rotation":{"x":0.004163793753832579,"y":0.8679796457290649,"z":0.007641852367669344,"w":-0.4968755841255188},"size":1.1342076063156129,"orthographic":true}