{"cameraMode":{"drawMode":0,"name":"Shaded","section":"Shading Mode"},"sceneLighting":true,"audioPlay":false,"sceneViewState":{"m_AlwaysRefresh":false,"showFog":true,"showSkybox":true,"showFlares":true,"showImageEffects":true,"showParticleSystems":true,"showVisualEffectGraphs":true,"m_FxEnabled":false},"in2DMode":false,"pivot":{"x":-122.07420349121094,"y":81.16754150390625,"z":-250.5530548095703},"rotation":{"x":0.030628176406025888,"y":-0.9688295722007752,"z":0.15654782950878144,"w":0.18954932689666749},"size":5.066025733947754,"orthographic":false}