{"cameraMode":{"drawMode":0,"name":"Shaded","section":"Shading Mode"},"sceneLighting":false,"audioPlay":false,"sceneViewState":{"m_AlwaysRefresh":false,"showFog":true,"showSkybox":false,"showFlares":true,"showImageEffects":true,"showParticleSystems":true,"showVisualEffectGraphs":true,"m_FxEnabled":false},"in2DMode":false,"pivot":{"x":-26.437097549438478,"y":16.889999389648439,"z":-45.960540771484378},"rotation":{"x":-0.04825756698846817,"y":0.35637134313583376,"z":-0.01823418028652668,"w":-0.9331371784210205},"size":7.436141490936279,"orthographic":false}