{"cameraMode":{"drawMode":0,"name":"Shaded","section":"Shading Mode"},"sceneLighting":false,"audioPlay":false,"sceneViewState":{"m_AlwaysRefresh":false,"showFog":true,"showSkybox":false,"showFlares":true,"showImageEffects":true,"showParticleSystems":true,"showVisualEffectGraphs":true,"m_FxEnabled":true},"in2DMode":false,"pivot":{"x":-1.6651346683502198,"y":0.35083305835723879,"z":-3.841069221496582},"rotation":{"x":0.047065384685993198,"y":-0.6137092709541321,"z":0.03667124733328819,"w":0.7873315811157227},"size":6.820517539978027,"orthographic":false}