{"cameraMode":{"drawMode":0,"name":"Shaded","section":"Shading Mode"},"sceneLighting":false,"audioPlay":false,"sceneViewState":{"m_AlwaysRefresh":false,"showFog":true,"showSkybox":false,"showFlares":true,"showImageEffects":true,"showParticleSystems":true,"showVisualEffectGraphs":true,"m_FxEnabled":false},"in2DMode":false,"pivot":{"x":2.6295359134674074,"y":0.8733148574829102,"z":-21.243934631347658},"rotation":{"x":0.0035565360449254514,"y":-0.9958832263946533,"z":-0.09073538333177567,"w":-0.02559847943484783},"size":0.8660253882408142,"orthographic":true}