{"cameraMode":{"drawMode":0,"name":"Shaded","section":"Shading Mode"},"sceneLighting":false,"audioPlay":false,"sceneViewState":{"m_AlwaysRefresh":false,"showFog":true,"showSkybox":false,"showFlares":true,"showImageEffects":true,"showParticleSystems":true,"showVisualEffectGraphs":true,"m_FxEnabled":false},"in2DMode":false,"pivot":{"x":2.700000047683716,"y":1.0799999237060547,"z":-21.200000762939454},"rotation":{"x":0.08194436877965927,"y":-0.7127341628074646,"z":0.08440308272838593,"w":0.6916507482528687},"size":1.5247447490692139,"orthographic":false}