{"cameraMode":{"drawMode":0,"name":"Shaded","section":"Shading Mode"},"sceneLighting":false,"audioPlay":false,"sceneViewState":{"m_AlwaysRefresh":false,"showFog":true,"showSkybox":false,"showFlares":true,"showImageEffects":true,"showParticleSystems":true,"showVisualEffectGraphs":true,"m_FxEnabled":false},"in2DMode":false,"pivot":{"x":40.66999816894531,"y":10.920000076293946,"z":36.779998779296878},"rotation":{"x":0.12591992318630219,"y":0.028212593868374826,"z":-0.004086710978299379,"w":0.9917988777160645},"size":12.12435531616211,"orthographic":false}