{"cameraMode":{"drawMode":0,"name":"Shaded","section":"Shading Mode"},"sceneLighting":false,"audioPlay":false,"sceneViewState":{"m_AlwaysRefresh":false,"showFog":true,"showSkybox":false,"showFlares":true,"showImageEffects":true,"showParticleSystems":true,"showVisualEffectGraphs":true,"m_FxEnabled":false},"in2DMode":false,"pivot":{"x":-5.200002670288086,"y":0.8399999141693115,"z":-2.7100019454956056},"rotation":{"x":0.0021739101503044369,"y":-0.9964268207550049,"z":0.08058781921863556,"w":0.02720869705080986},"size":4.528463840484619,"orthographic":true}