{"cameraMode":{"drawMode":0,"name":"Shaded","section":"Shading Mode"},"sceneLighting":false,"audioPlay":false,"sceneViewState":{"m_AlwaysRefresh":false,"showFog":true,"showSkybox":false,"showFlares":true,"showImageEffects":true,"showParticleSystems":true,"showVisualEffectGraphs":true,"m_FxEnabled":true},"in2DMode":false,"pivot":{"x":-0.48998308181762698,"y":-3.8729002475738527,"z":0.05917072296142578},"rotation":{"x":0.3950323760509491,"y":0.18803909420967103,"z":-0.0829600989818573,"w":0.8953878283500671},"size":12.91845989227295,"orthographic":true}